{"_id":{"$oid":"5e194c1b2dfe031505deaf67"},"name":"iPhone","description":"iPhone是美国苹果公司研发的智能手机系列，搭载苹果公司研发的iOS操作系统","image":"https://i.gadgets360cdn.com/large/iPhone11_leak_1567592422045.jpg","price":2000,"manufacturer":{"$oid":"5e194b192dfe031505deaf62"},"__v":0}
{"_id":{"$oid":"5e194c532dfe031505deaf68"},"name":"荣耀20","description":"李现同款 4800万超广角AI四摄 3200W美颜自拍 麒麟Kirin980全网通版8GB+128GB 蓝水翡翠 全面屏手机","image":"https://article-fd.zol-img.com.cn/t_s640x2000/g4/M08/0E/0E/ChMlzF2myueILMN_AAGSPzoz23wAAYJ3QADttsAAZJX090.jpg","price":2499,"manufacturer":{"$oid":"5e194b252dfe031505deaf63"},"__v":0}
{"_id":{"$oid":"5e194c762dfe031505deaf69"},"name":"MIX2S","description":"骁龙845 全面屏NFC 游戏智能拍照手机 白色 全网通 6+128","image":"http://himg2.huanqiu.com/attachment2010/2018/0129/08/39/20180129083933823.jpg","price":1688,"manufacturer":{"$oid":"5e194b2d2dfe031505deaf64"},"__v":0}
{"_id":{"$oid":"5e194cc42dfe031505deaf6a"},"name":"Reno2","description":"【12期免息1年碎屏险】4800万变焦四摄8+128G防抖6.5英寸全面屏新 深海夜光(8GB+128GB) 官方标配","image":"https://news.maxabout.com/wp-content/uploads/2019/08/OPPO-Reno-2-1.jpg","price":2999,"manufacturer":{"$oid":"5e194b402dfe031505deaf66"},"__v":0}
